Sensor1,Sensor2,Sensor3,Sensor4,Sensor5,Sensor6,Label
0,424,224,641,224,805,0
2,502,310,673,199,809,0
3,516,344,683,260,815,0
142,459,288,572,594,680,0
21,396,304,732,552,721,0
2,690,419,704,116,727,0
0,688,445,713,54,726,0
533,648,332,786,372,660,0
396,677,95,721,413,580,0
320,547,38,725,183,575,0
229,542,12,798,121,674,0
417,696,33,705,261,606,0
398,674,30,725,213,609,0
394,604,125,782,84,660,0
396,665,81,758,112,660,0
443,667,84,762,90,665,0
222,158,107,735,219,715,0
125,416,203,741,129,704,0
81,503,310,744,139,702,0
3,466,331,801,217,720,0
0,428,339,804,287,759,0
0,452,383,795,163,762,0
31,487,329,800,127,630,0
0,479,274,803,39,625,0
21,450,288,813,131,605,0
0,604,322,808,0,615,0
8,512,318,807,244,592,0
161,475,261,812,281,588,0
0,449,324,816,119,593,0
0,455,296,820,89,628,0
95,368,226,823,126,615,0
0,455,336,818,149,608,0
8,403,444,866,94,693,0
1,419,419,868,106,721,0
434,195,41,653,245,606,0
398,174,60,643,107,636,0
505,130,138,744,169,735,0
0,0,0,593,0,534,0
520,138,64,835,132,750,0
568,124,83,825,222,731,0
394,154,103,812,107,723,0
385,269,141,806,64,705,0
300,288,300,817,25,772,0
447,59,54,812,208,768,0
469,64,187,828,178,758,0
538,41,155,913,215,830,0
504,51,153,805,173,781,0
504,47,135,814,178,790,0
471,56,206,782,121,759,0
478,59,167,782,238,750,0
456,90,186,774,18,790,0
230,104,82,786,182,807,0
447,241,218,898,53,872,0
293,281,245,896,121,871,0
280,101,169,765,20,832,0
233,127,124,770,120,837,0
543,110,143,875,158,876,0
577,116,204,848,80,867,0
239,120,147,878,6,903,0
379,130,201,831,47,847,0
144,338,180,723,143,784,0
0,390,217,706,57,782,0
4,418,225,784,49,793,0
0,533,269,771,37,794,0
0,658,327,887,73,875,0
0,506,231,768,202,796,0
33,568,221,787,171,823,0
101,438,194,802,173,827,0
11,552,228,800,166,833,0
1,595,268,845,185,834,0
2,565,239,842,201,837,0
3,563,270,845,164,839,0
15,597,255,833,175,839,0
19,619,256,848,200,852,0
21,602,255,851,176,851,0
14,391,274,858,180,865,0
40,530,314,890,93,905,0
3,539,316,891,76,906,0
23,504,328,890,122,908,0
53,504,312,892,140,908,0
0,778,622,784,133,0,0
14,599,417,619,136,588,0
7,626,375,625,128,602,0
0,596,389,651,124,636,0
8,580,398,615,121,644,0
0,566,415,628,146,639,0
3,533,435,644,175,649,0
0,505,435,649,188,659,0
0,497,434,663,173,674,0
0,513,410,662,209,621,0
0,528,374,671,186,651,0
3,546,414,664,154,658,0
3,547,425,650,150,651,0
0,607,364,247,154,906,0
191,590,292,415,97,733,0
104,534,314,487,112,714,0
490,373,232,451,364,714,0
409,442,281,449,447,709,0
419,487,277,427,385,708,0
60,538,289,426,257,723,0
19,529,281,429,150,700,0
564,580,333,444,295,726,0
119,640,318,442,163,731,0
86,581,336,478,210,737,0
6,543,324,470,375,744,0
24,586,344,490,474,742,0
5,585,320,500,358,731,0
34,583,336,502,269,739,0
38,593,336,526,298,745,0
0,484,255,657,56,832,0
0,378,245,465,80,808,0
76,593,416,650,563,747,0
480,578,404,567,587,766,0
515,571,422,589,397,771,0
564,598,421,587,686,769,0
590,626,415,588,536,773,0
552,0,428,357,0,846,0
154,47,374,766,136,877,0
170,0,416,757,56,884,0
48,297,225,441,176,795,0
0,0,2,622,0,748,0
142,171,361,712,375,835,0
224,90,446,686,135,843,0
220,395,436,698,105,843,0
96,103,487,667,112,855,0
137,370,404,704,378,851,0
0,71,540,593,19,31,0
246,128,313,812,348,770,0
268,144,296,821,425,774,0
51,442,363,678,234,769,0
154,428,406,668,190,772,0
22,637,414,685,0,778,0
11,627,418,699,232,781,0
99,625,370,692,376,791,0
45,600,386,705,57,800,0
3,526,400,703,217,799,0
62,128,423,653,242,807,0
0,600,458,668,71,810,0
16,618,389,679,276,814,0
64,599,144,721,443,805,0
149,634,316,695,205,815,0
100,614,301,709,423,818,0
49,637,363,716,181,819,0
37,642,352,719,295,815,0
90,638,324,720,385,819,0
4,636,322,716,333,820,0
5,634,358,699,150,816,0
2,653,398,704,7,817,0
3,643,367,707,67,817,0
66,611,364,706,179,818,0
264,602,345,736,476,819,0
244,614,348,742,412,819,0
190,609,349,741,484,819,0
128,616,368,734,61,820,0
98,627,373,736,139,820,0
334,626,314,745,438,820,0
222,629,346,743,290,817,0
248,59,207,760,477,915,0
181,609,356,739,375,790,0
148,620,344,738,395,794,0
238,598,330,741,464,798,0
301,625,333,734,193,803,0
404,622,298,742,189,807,0
366,629,329,743,220,809,0
338,616,329,736,215,810,0
366,614,336,742,256,811,0
10,624,357,745,169,812,0
7,621,333,745,189,811,0
249,449,429,620,322,647,0
201,510,435,644,285,650,0
311,497,392,648,341,694,0
410,492,410,662,45,682,0
0,274,175,756,165,692,0
220,0,0,821,334,654,0
583,0,0,852,665,639,0
478,0,0,842,575,686,0
0,1,0,753,0,603,0
518,0,0,792,308,708,0
592,0,0,872,391,744,0
710,0,0,875,131,726,0
574,0,0,878,247,718,0
395,0,0,829,198,727,0
252,413,90,864,181,736,0
428,354,32,865,172,753,0
438,396,101,867,176,765,0
469,429,32,874,187,794,0
532,423,31,869,162,771,0
539,424,31,868,174,769,0
534,433,31,871,126,763,0
510,434,62,871,148,765,0
515,428,45,872,171,769,0
509,425,30,873,188,760,0
503,850,94,0,417,893,0
736,0,0,803,380,686,0
459,316,174,808,430,720,0
524,300,242,815,346,749,0
628,329,238,808,157,752,0
621,336,246,798,238,764,0
624,335,234,808,266,781,0
630,335,224,808,262,773,0
475,317,190,812,296,756,0
636,273,207,817,335,751,0
620,107,107,827,293,713,0
636,99,153,823,251,734,0
660,121,163,818,222,733,0
662,112,178,813,248,739,0
669,114,177,815,228,724,0
566,290,109,821,252,777,0
516,322,176,813,327,772,0
402,348,180,822,436,765,0
555,208,68,820,427,794,0
608,222,68,816,363,794,0
276,325,203,813,262,771,0
413,228,161,813,300,762,0
599,217,16,822,318,800,0
371,727,356,725,0,743,0
233,664,6,768,130,718,0
304,741,10,755,131,662,0
264,757,28,731,127,623,0
270,760,38,735,123,664,0
283,758,36,735,120,662,0
223,754,14,757,164,629,0
266,759,19,738,138,667,0
304,761,21,745,165,675,0
372,750,22,739,251,678,0
295,765,21,749,134,664,0
383,764,22,749,135,645,0
410,763,38,718,135,654,0
401,772,39,714,135,677,0
410,784,39,729,163,645,0
455,776,27,747,195,773,0
360,792,29,756,114,717,0
359,794,31,758,115,721,0
342,795,31,760,115,720,0
350,797,31,766,121,724,0
198,819,158,753,69,712,0
211,817,163,747,91,704,0
250,817,169,749,105,688,0
252,818,168,748,101,698,0
252,814,71,749,98,696,0
258,815,69,755,110,706,0
254,814,67,751,101,710,0
254,814,67,757,104,711,0
369,791,37,740,115,775,0
385,773,33,742,162,743,0
461,775,68,755,144,675,0
406,570,18,742,251,667,0
460,657,28,753,234,648,0
487,705,32,756,248,631,0
530,692,35,758,241,605,0
7,780,179,757,59,649,0
176,793,181,757,116,646,0
259,792,180,747,95,650,0
255,793,182,744,87,672,0
229,793,191,739,119,680,0
268,795,184,736,94,680,0
324,794,192,735,99,681,0
334,795,196,728,86,674,0
322,798,191,699,52,682,0
274,801,190,702,65,684,0
275,797,182,745,103,714,0
414,799,183,666,121,703,0
388,798,184,720,130,666,0
387,803,182,721,92,671,0
242,807,185,723,89,674,0
371,807,185,727,89,678,0
397,809,187,723,74,678,0
60,511,255,744,58,744,0
119,428,268,739,45,756,0
60,462,297,733,42,758,0
118,412,297,735,51,764,0
129,411,298,734,57,772,0
170,492,305,742,59,760,0
109,544,323,741,81,762,0
24,530,313,742,86,765,0
64,569,313,754,87,762,0
58,592,295,747,86,759,0
46,593,309,759,80,761,0
68,601,286,756,79,763,0
42,599,300,749,44,771,0
66,600,309,749,80,766,0
49,562,300,747,40,766,0
82,560,295,752,82,764,0
60,541,289,758,94,769,0
42,591,302,744,87,766,0
34,605,297,746,70,783,0
28,593,272,761,85,778,0
40,593,310,755,95,784,0
24,552,305,754,96,789,0
69,559,288,753,91,785,0
10,537,279,749,85,788,0
41,543,289,750,86,795,0
42,583,291,755,46,792,0
9,578,295,755,73,793,0
16,580,285,754,78,796,0
37,591,287,761,81,803,0
68,508,279,765,76,787,0
105,632,285,757,45,784,0
100,557,261,760,45,787,0
117,560,281,760,46,785,0
70,616,315,760,45,785,0
3,565,281,761,67,790,0
139,591,289,760,48,789,0
128,594,291,761,73,787,0
138,599,308,762,50,789,0
61,595,314,763,71,785,0
76,604,313,763,72,784,0
138,488,265,762,63,784,0
141,549,315,764,60,777,0
152,546,332,764,47,789,0
86,568,316,763,44,788,0
155,564,322,756,46,773,0
161,560,326,759,46,780,0
79,585,322,760,47,774,0
13,572,295,762,46,775,0
8,583,331,764,45,777,0
79,563,348,761,52,788,0
80,556,339,764,46,783,0
34,548,342,764,76,780,0
82,562,334,766,81,778,0
96,565,340,769,79,782,0
83,565,317,771,49,783,0
170,588,338,769,50,777,0
176,564,335,768,52,780,0
165,567,344,771,51,784,0
164,551,316,770,56,780,0
156,560,315,770,51,782,0
180,571,318,767,73,780,0
167,585,324,766,74,779,0
133,560,326,769,73,783,0
35,572,300,770,74,778,0
152,586,328,770,76,779,0
129,587,306,768,53,780,0
135,581,337,766,53,783,0
41,588,311,767,54,781,0
48,598,318,768,52,783,0
9,589,314,769,52,780,0
13,614,354,767,51,780,0
31,587,346,768,54,780,0
9,589,351,767,40,779,0
18,589,345,764,34,778,0
17,590,348,764,44,779,0
81,606,340,766,43,781,0
46,593,298,764,50,778,0
7,633,329,761,50,780,0
79,599,298,766,50,778,0
4,629,348,765,87,776,0
100,636,363,767,51,772,0
63,625,329,770,85,779,0
118,616,328,770,69,783,0
104,611,332,769,93,782,0
121,627,343,768,82,779,0
126,633,339,767,50,783,0
133,628,307,767,81,778,0
119,633,320,767,84,775,0
121,636,322,767,47,776,0
129,635,328,767,82,777,0
242,214,365,835,103,596,0
242,244,381,843,107,617,0
224,205,343,851,117,630,0
148,161,269,799,162,639,0
158,188,303,861,165,657,0
238,246,352,783,135,673,0
247,250,370,862,164,675,0
260,205,377,862,157,680,0
286,205,375,864,147,656,0
287,214,368,859,151,657,0
0,593,282,876,3,699,0
48,619,407,900,96,598,0
7,368,504,841,360,618,0
0,464,487,853,334,614,0
60,506,478,855,352,626,0
5,482,422,852,274,584,0
30,500,453,856,240,570,0
23,515,461,860,276,590,0
55,541,461,863,313,587,0
48,534,478,865,327,577,0
39,499,399,872,365,576,0
34,511,401,872,402,601,0
117,473,437,872,365,618,0
166,397,438,873,298,621,0
107,461,444,871,270,598,0
135,480,448,867,303,591,0
106,480,446,874,307,589,0
246,415,441,873,281,617,0
247,403,447,874,242,641,0
136,428,440,874,280,627,0
138,451,451,875,289,625,0
164,473,457,876,274,630,0
166,487,455,882,287,644,0
96,466,450,880,263,604,0
161,521,499,884,292,629,0
165,499,514,882,264,642,0
57,432,494,882,310,630,0
58,421,500,879,307,642,0
103,512,522,882,310,665,0
20,519,498,882,261,643,0
84,483,480,880,253,630,0
15,395,408,858,404,627,0
174,516,428,712,409,646,0
175,550,441,704,250,645,0
9,429,406,884,186,649,0
306,399,372,883,253,663,0
243,420,376,883,299,670,0
261,490,183,839,291,696,0
173,527,189,845,354,695,0
154,546,236,826,347,691,0
126,539,233,726,369,683,0
121,531,222,742,346,674,0
156,607,384,829,276,670,0
138,645,376,814,185,678,0
35,608,253,759,148,681,0
142,668,346,777,203,679,0
38,598,263,813,157,669,0
53,560,274,832,136,671,0
161,673,396,844,98,671,0
58,603,239,858,187,668,0
131,700,306,864,190,672,0
150,619,272,844,221,675,0
142,610,269,736,223,664,0
57,751,0,906,98,763,0
276,658,223,724,73,732,0
152,649,170,867,253,706,0
180,666,138,878,233,716,0
168,667,154,883,307,718,0
181,673,148,886,343,724,0
259,676,121,888,318,727,0
266,682,142,891,316,734,0
241,680,146,891,344,734,0
253,681,151,892,359,734,0
266,679,153,891,354,735,0
268,679,159,891,322,738,0
259,680,159,889,346,737,0
267,679,147,886,300,736,0
268,676,154,879,310,736,0
286,678,156,875,303,740,0
271,676,157,874,335,741,0
287,675,154,870,329,741,0
285,676,157,861,336,742,0
268,676,152,821,340,744,0
299,678,154,720,338,745,0
297,675,164,718,333,745,0
281,671,160,716,355,744,0
293,670,149,713,350,746,0
291,680,161,713,353,746,0
244,341,138,895,257,792,0
279,509,218,742,134,772,0
242,449,163,733,186,757,0
210,496,238,725,130,759,0
247,488,226,728,195,756,0
247,479,226,724,209,755,0
258,473,233,724,219,753,0
243,459,229,726,248,753,0
223,466,220,725,310,754,0
235,465,234,722,322,752,0
220,453,238,725,316,753,0
237,457,240,722,311,752,0
250,459,246,859,285,753,0
245,461,245,877,287,754,0
234,474,242,878,332,756,0
268,454,208,882,279,756,0
344,462,254,875,248,769,0
287,471,244,878,253,766,0
300,475,257,880,257,777,0
350,532,264,908,322,668,0
355,528,273,909,277,672,0
381,530,273,913,309,692,0
386,533,236,915,344,710,0
411,533,227,916,325,713,0
389,532,228,918,325,713,0
390,533,266,918,378,714,0
386,535,266,919,405,727,0
385,533,260,919,407,727,0
398,534,267,919,410,725,0
395,534,228,920,407,727,0
400,535,263,921,424,726,0
423,535,267,921,411,727,0
406,523,200,923,365,728,0
456,489,181,924,383,725,0
308,718,360,924,245,714,0
154,658,278,923,215,714,0
517,668,345,922,155,714,0
153,605,295,914,111,718,0
246,591,307,913,111,716,0
323,635,302,917,150,729,0
329,722,367,914,166,726,0
116,642,304,723,1,734,0
0,194,0,749,0,840,0
323,711,412,841,103,846,0
277,704,416,643,377,853,0
432,659,284,646,315,859,0
469,653,291,650,354,859,0
451,634,309,651,374,872,0
353,621,248,675,430,864,0
432,639,256,753,485,867,0
307,258,191,704,477,870,0
406,464,221,895,434,866,0
206,485,273,893,362,876,0
251,487,268,887,395,878,0
241,476,272,701,428,877,0
244,478,293,704,406,879,0
257,498,290,888,265,870,0
248,502,311,893,292,872,0
239,502,304,886,306,860,0
223,518,312,885,280,858,0
86,513,234,885,454,849,0
97,496,229,886,467,854,0
98,489,234,889,472,858,0
130,501,296,883,408,861,0
216,96,26,744,436,898,0
170,0,225,932,324,936,0
109,0,317,944,325,938,0
163,322,116,697,304,832,0
161,475,274,833,117,856,0
295,488,153,844,230,858,0
167,467,213,614,37,867,0
176,473,219,621,59,868,0
458,386,137,621,183,869,0
376,352,203,620,273,873,0
456,358,186,638,167,872,0
466,295,125,626,141,875,0
401,351,187,619,302,874,0
515,335,200,636,295,875,0
0,246,165,601,0,877,0
1,405,268,604,0,876,0
0,464,319,609,0,877,0
146,353,194,604,0,873,0
323,295,240,649,31,877,0
2,481,217,654,0,876,0
0,527,266,660,0,874,0
0,443,303,669,0,868,0
46,457,271,589,0,873,0
0,733,0,605,101,841,0
126,421,218,780,0,886,0
215,397,203,786,115,891,0
322,318,169,792,154,888,0
299,337,208,792,118,889,0
494,245,69,773,71,855,0
539,252,84,545,114,868,0
594,220,154,753,99,871,0
279,374,240,748,528,876,0
327,428,249,565,499,877,0
352,442,149,569,462,878,0
274,436,237,563,472,878,0
337,400,174,562,508,879,0
129,396,238,412,179,638,0
348,315,155,406,145,607,0
46,428,277,385,110,665,0
102,539,232,778,167,806,0
88,481,237,778,69,805,0
97,476,181,624,89,747,0
0,590,242,854,124,842,0
381,447,177,881,341,844,0
238,539,302,866,0,841,0
10,369,205,506,0,624,0
16,388,205,502,0,564,0
0,366,204,669,0,756,0
38,562,240,917,0,905,0
0,519,317,864,0,776,0
183,491,334,874,0,866,0
131,504,336,887,57,868,0
0,540,0,901,0,744,0
0,506,0,913,0,750,0
12,778,372,687,0,779,0
527,760,282,696,258,847,0
114,809,290,711,63,920,0
97,810,301,701,95,922,0
84,796,290,681,98,923,0
41,800,302,690,91,923,0
185,795,290,686,62,924,0
237,797,301,680,57,924,0
256,798,296,683,60,925,0
170,791,278,682,138,921,0
290,753,259,684,349,920,0
150,784,308,678,52,924,0
111,788,315,676,80,925,0
0,810,525,919,90,45,0
16,903,507,603,122,59,0
13,906,524,615,103,49,0
0,920,543,613,56,0,0
10,919,543,617,57,115,0
9,920,543,651,58,215,0
12,919,543,666,57,265,0
0,920,525,673,56,233,0
0,924,557,620,115,248,0
6,925,541,629,83,312,0
25,918,518,663,0,0,0
41,920,502,686,73,333,0
0,638,349,0,7,670,0
115,431,442,98,114,524,0
141,435,451,191,126,547,0
195,458,450,210,90,546,0
197,478,479,232,122,541,0
80,481,520,242,71,554,0
171,506,495,258,180,561,0
141,512,515,283,83,567,0
236,489,515,275,90,577,0
225,504,507,273,80,586,0
180,502,501,242,85,541,0
279,485,464,275,98,546,0
163,480,449,298,106,545,0
334,473,333,278,63,575,0
153,521,361,290,56,581,0
197,552,374,329,46,564,0
0,0,0,0,0,826,0
35,263,137,0,348,813,0
12,435,173,0,355,813,0
0,727,258,0,0,803,0
0,745,0,0,53,645,0
0,692,0,0,507,667,0
0,761,127,0,0,773,0
56,579,160,0,247,760,0
0,667,275,0,350,730,0
185,624,350,54,313,775,0
264,668,242,245,286,686,0
1,634,510,86,99,757,0
299,166,258,0,283,776,0
17,487,520,0,309,755,0
0,692,487,0,93,719,0
256,410,534,150,8,773,0
0,729,585,247,142,787,0
29,711,579,157,13,794,0
119,0,286,876,243,900,0
372,0,378,913,79,908,0
155,107,422,924,152,918,0
146,98,462,926,94,919,0
85,148,474,926,75,920,0
100,157,478,929,64,920,0
120,262,470,929,64,920,0
3,344,524,929,2,921,0
186,332,529,930,74,921,0
185,504,283,938,163,916,0
189,422,256,938,82,918,0
175,626,302,938,274,918,0
141,522,440,930,227,921,0
185,507,336,935,245,922,0
209,672,365,936,137,923,0
190,637,396,938,243,922,0
139,693,318,880,188,892,0
145,665,312,898,124,892,0
290,594,296,899,219,894,0
112,612,318,834,0,896,0
189,611,348,799,122,900,0
1,668,421,854,0,897,0
516,468,409,869,1,906,0
247,527,342,863,185,906,0
4,633,468,863,6,906,0
71,322,448,702,161,790,0
25,361,375,810,91,849,0
175,598,556,0,142,666,0
111,724,573,0,49,687,0
218,489,601,0,0,746,0
22,667,553,0,126,731,0
6,657,614,0,92,743,0
0,825,664,0,0,673,0
0,741,624,0,43,724,0
8,671,645,0,9,722,0
0,702,650,0,81,735,0
0,764,684,0,10,739,0
0,772,646,0,9,742,0
0,690,623,15,97,768,0
197,273,428,16,630,774,0
21,589,617,0,428,775,0
11,615,609,0,166,773,0
11,580,608,0,367,756,0
9,664,543,0,92,788,0
103,0,617,644,56,0,0
97,0,795,379,140,76,0
116,0,803,329,176,97,0
128,0,805,363,323,192,0
146,0,802,386,452,135,0
212,0,806,399,487,117,0
269,0,811,400,456,156,0
92,0,818,363,77,86,0
30,0,822,402,261,63,0
12,0,819,403,50,285,0
12,0,822,440,410,273,0
159,0,829,402,17,163,0
2,2,831,449,17,170,0
7,0,798,467,766,163,0
39,0,805,467,740,198,0
7,183,822,452,25,256,0
12,273,824,449,49,318,0
79,180,305,584,0,800,1
0,331,361,681,0,815,1
0,304,358,657,0,794,1
0,415,363,701,0,833,1
0,395,379,571,0,753,1
0,527,483,632,0,846,1
0,621,511,603,0,716,1
0,0,57,574,0,702,1
0,768,253,0,0,886,1
0,826,275,570,0,785,1
0,833,257,411,0,756,1
0,793,460,250,0,880,1
0,699,261,342,0,757,1
0,607,255,392,0,747,1
0,750,254,430,0,740,1
0,625,245,443,0,734,1
0,0,169,248,0,893,1
0,768,406,426,0,771,1
0,667,373,351,0,734,1
0,587,309,553,0,852,1
0,488,315,745,0,814,1
0,507,325,724,0,903,1
0,531,398,445,0,838,1
0,530,376,567,0,740,1
0,408,277,573,0,744,1
0,524,274,588,0,744,1
0,507,312,597,0,735,1
0,612,388,417,0,731,1
0,551,345,567,0,782,1
0,487,462,484,0,801,1
0,600,411,528,0,819,1
0,624,420,524,0,800,1
0,591,444,506,0,798,1
0,598,420,515,0,792,1
0,573,413,532,0,789,1
0,574,432,535,0,793,1
0,177,494,818,0,0,1
0,635,343,597,0,668,1
0,649,442,486,0,724,1
0,670,493,478,0,732,1
0,686,502,569,0,723,1
0,651,498,569,0,776,1
50,237,537,818,0,3,1
0,594,295,695,0,706,1
0,615,287,609,0,626,1
0,200,263,645,0,39,1
0,362,463,682,0,837,1
0,0,50,393,0,880,1
0,424,455,796,0,804,1
0,388,425,621,0,843,1
5,614,511,605,21,832,1
1,654,516,535,19,835,1
0,502,552,555,0,837,1
0,420,624,560,0,837,1
0,586,573,555,0,836,1
0,594,561,564,0,815,1
0,636,610,605,0,830,1
0,619,494,544,0,834,1
0,596,488,568,0,839,1
0,616,541,583,0,841,1
0,609,508,580,0,839,1
0,603,502,607,0,826,1
0,610,500,604,0,821,1
0,637,441,594,0,745,1
0,320,406,618,0,806,1
0,510,438,781,0,841,1
0,646,489,827,0,844,1
0,649,401,815,0,841,1
0,653,457,805,0,844,1
0,638,455,816,0,850,1
0,639,462,823,0,848,1
0,635,474,823,0,840,1
0,641,474,821,0,841,1
0,624,358,715,0,814,1
0,625,366,681,0,804,1
0,656,448,532,0,783,1
0,650,431,646,0,802,1
0,639,355,675,0,839,1
0,682,440,537,0,807,1
0,583,467,710,0,838,1
0,647,407,712,0,827,1
0,724,365,751,0,851,1
0,692,390,747,0,837,1
0,699,422,745,0,856,1
0,693,387,593,0,834,1
0,715,442,739,0,869,1
0,667,341,808,0,881,1
0,505,401,833,0,899,1
140,505,408,665,0,815,1
0,675,491,640,0,764,1
0,307,529,583,0,770,1
0,671,478,647,0,827,1
341,444,403,829,208,861,1
0,655,374,807,0,874,1
0,628,442,811,0,878,1
0,639,447,823,0,882,1
0,649,415,829,0,880,1
0,637,329,749,0,845,1
0,591,295,793,0,837,1
0,658,337,788,0,836,1
0,666,349,765,0,839,1
0,673,321,729,0,839,1
0,696,349,741,0,839,1
0,691,373,748,0,836,1
0,677,349,750,0,842,1
0,664,358,719,0,837,1
0,683,342,734,0,839,1
0,704,347,648,0,799,1
0,667,324,620,0,813,1
0,686,319,634,0,819,1
0,697,322,653,0,828,1
0,709,333,619,0,825,1
0,694,327,736,0,850,1
0,703,325,699,0,856,1
0,709,354,713,0,861,1
0,668,357,709,0,826,1
0,652,387,724,0,828,1
0,677,353,766,0,865,1
0,618,437,413,0,74,1
0,732,440,603,0,760,1
0,731,492,588,0,784,1
0,738,509,591,0,791,1
0,750,513,604,0,797,1
0,754,519,636,0,802,1
0,754,520,640,0,806,1
0,760,527,637,0,810,1
0,761,547,649,0,813,1
0,775,574,655,0,813,1
0,771,603,663,0,813,1
0,764,560,656,0,815,1
0,753,628,668,0,824,1
0,774,634,688,0,819,1
0,780,670,729,0,829,1
0,788,671,736,0,835,1
0,790,668,745,0,828,1
0,790,662,743,0,829,1
0,791,670,738,0,835,1
0,797,674,739,0,834,1
0,772,637,738,0,831,1
0,790,663,749,0,838,1
0,799,647,749,0,842,1
0,805,644,745,0,843,1
0,805,663,753,0,846,1
0,807,664,754,0,846,1
0,808,666,756,0,847,1
0,809,670,754,0,848,1
0,809,675,751,0,848,1
0,806,670,757,0,849,1
0,801,663,759,0,849,1
0,803,658,758,0,849,1
0,812,679,756,0,849,1
0,804,661,751,0,850,1
0,798,664,755,0,850,1
0,806,670,753,0,851,1
0,805,656,753,0,851,1
0,808,664,755,0,850,1
0,811,663,755,0,850,1
0,791,666,751,0,850,1
0,745,671,755,6,852,1
0,751,651,756,4,853,1
0,770,661,756,8,852,1
0,598,258,546,6,867,1
0,742,440,721,11,859,1
0,769,436,709,0,863,1
0,755,448,799,0,856,1
0,780,480,705,2,864,1
0,781,458,705,2,865,1
0,790,511,703,0,865,1
0,794,518,701,0,865,1
0,793,496,702,0,865,1
0,798,531,700,0,866,1
0,787,494,699,0,864,1
0,794,521,700,0,864,1
0,794,496,701,0,864,1
0,689,528,772,0,813,1
0,719,549,758,0,808,1
0,719,515,747,0,793,1
0,711,507,744,0,790,1
0,728,568,752,0,792,1
0,721,577,720,0,806,1
0,728,539,725,0,798,1
0,739,549,728,0,800,1
0,738,515,734,0,801,1
0,729,550,736,0,800,1
0,737,536,734,0,800,1
0,705,536,757,0,786,1
0,720,348,780,0,814,1
0,715,257,714,0,792,1
0,578,263,770,0,831,1
0,566,277,769,0,833,1
0,591,288,769,0,835,1
0,610,299,768,0,843,1
0,595,341,769,0,849,1
0,579,302,768,0,845,1
0,584,302,771,0,845,1
0,591,314,772,0,846,1
94,221,13,873,0,857,1
0,496,193,796,1,786,1
0,578,170,806,2,803,1
0,576,220,812,42,808,1
0,299,293,727,0,781,1
0,568,462,809,0,827,1
0,608,375,814,0,841,1
0,455,295,888,0,890,1
0,580,375,886,0,904,1
0,633,411,872,0,913,1
0,637,351,869,0,914,1
0,610,445,825,0,893,1
0,633,458,821,0,900,1
0,647,451,829,0,903,1
0,657,457,824,0,905,1
0,656,468,823,0,905,1
0,219,377,735,0,921,1
0,257,380,764,0,912,1
0,268,367,761,0,913,1
0,244,348,765,0,913,1
0,270,367,767,0,914,1
0,286,366,774,0,914,1
0,247,372,777,0,914,1
0,241,359,772,0,915,1
0,355,406,754,0,916,1
0,640,422,771,0,906,1
0,827,414,789,0,912,1
0,828,417,786,0,913,1
0,828,411,793,0,914,1
0,823,434,794,0,912,1
0,827,430,799,0,915,1
0,837,410,800,0,910,1
0,836,416,804,0,913,1
0,836,421,799,0,913,1
0,837,431,801,0,914,1
0,836,432,806,0,914,1
0,836,437,803,0,914,1
0,837,432,807,0,915,1
0,828,419,802,0,912,1
0,836,455,792,0,913,1
0,824,456,796,0,913,1
0,824,412,810,0,915,1
0,830,425,808,0,915,1
0,831,410,808,0,915,1
0,830,423,806,0,915,1
0,835,425,808,0,915,1
0,834,393,804,0,915,1
0,833,399,805,0,915,1
0,834,407,805,0,915,1
0,837,411,810,0,914,1
0,797,496,821,0,909,1
0,828,483,820,0,910,1
0,825,462,817,0,901,1
0,820,485,815,0,912,1
0,828,454,826,0,918,1
0,828,475,830,0,917,1
0,864,349,843,0,904,1
0,859,398,851,0,909,1
0,872,411,856,0,904,1
0,865,373,859,0,907,1
0,858,496,855,0,912,1
0,862,424,858,0,913,1
0,869,487,854,0,911,1
0,846,480,856,0,918,1
0,849,482,854,0,919,1
0,854,493,855,0,919,1
0,823,422,856,0,917,1
0,850,414,862,0,915,1
0,839,431,852,0,920,1
0,845,433,851,0,920,1
0,838,436,854,0,919,1
0,830,415,856,0,919,1
0,844,422,856,0,918,1
0,835,439,859,0,920,1
0,370,342,729,0,459,1
0,344,252,611,0,413,1
0,379,357,685,0,384,1
0,395,327,640,0,360,1
0,347,316,659,0,416,1
0,367,315,685,0,421,1
0,316,305,689,0,422,1
0,347,330,697,0,369,1
0,346,372,707,0,391,1
0,351,365,714,0,423,1
0,432,371,683,0,420,1
0,379,371,699,0,458,1
0,330,366,695,0,443,1
0,357,368,700,0,448,1
0,335,394,675,0,452,1
0,329,365,673,0,476,1
0,343,365,681,0,465,1
0,348,346,610,0,423,1
0,379,342,597,0,397,1
0,395,339,634,0,398,1
0,368,378,650,0,432,1
0,395,343,624,1,418,1
0,401,344,622,0,411,1
0,402,343,633,0,440,1
0,407,340,639,0,441,1
0,421,345,641,0,463,1
0,452,337,650,0,458,1
0,474,340,642,0,469,1
0,460,342,659,0,473,1
0,468,338,669,0,486,1
0,472,336,673,0,490,1
0,485,340,669,0,496,1
0,460,341,673,0,495,1
0,450,343,672,0,508,1
0,479,354,672,0,511,1
0,431,344,660,0,489,1
0,478,349,669,0,509,1
0,490,333,665,0,515,1
0,471,347,651,0,522,1
0,509,339,652,0,520,1
0,487,277,688,0,539,1
0,551,342,684,0,554,1
0,552,341,668,0,570,1
0,493,355,683,0,579,1
0,543,355,684,0,578,1
0,532,358,677,0,575,1
0,531,359,682,0,566,1
0,536,360,672,0,571,1
0,534,368,679,0,572,1
0,525,368,688,0,578,1
0,490,347,688,0,505,1
0,544,346,685,0,541,1
0,497,331,676,0,548,1
0,487,335,676,0,551,1
0,496,327,680,0,551,1
0,521,323,681,0,555,1
0,521,323,686,0,556,1
0,506,325,689,0,556,1
0,608,116,899,0,827,1
2,621,98,896,0,832,1
0,626,127,897,0,835,1
0,623,115,898,0,833,1
0,624,179,898,0,833,1
3,622,199,898,0,836,1
0,626,195,901,0,836,1
0,620,199,900,0,838,1
0,632,177,903,0,838,1
0,632,182,902,0,838,1
0,650,169,903,0,838,1
0,646,167,902,0,835,1
0,632,183,902,0,837,1
0,779,531,871,0,800,1
0,620,426,743,0,707,1
6,578,420,715,1,715,1
6,640,427,796,8,749,1
0,661,457,884,87,720,1
5,666,458,768,89,720,1
0,779,0,822,314,813,1
0,738,133,751,0,757,1
180,686,287,821,284,742,1
270,690,349,863,350,740,1
92,666,326,779,490,719,1
12,697,329,861,442,707,1
110,695,360,861,319,713,1
119,706,382,753,274,718,1
90,720,406,791,208,718,1
13,797,299,828,0,801,1
0,696,544,773,0,766,1
0,684,558,749,0,764,1
0,667,565,739,0,773,1
0,676,571,724,0,779,1
0,658,577,719,0,778,1
0,652,566,883,0,781,1
0,656,569,825,0,783,1
0,661,570,796,0,776,1
0,680,537,739,136,775,1
0,186,0,833,0,800,1
0,0,0,744,0,817,1
0,214,0,742,0,824,1
0,534,182,738,0,786,1
0,575,235,733,0,768,1
0,583,240,745,0,772,1
0,582,223,895,0,779,1
0,600,226,921,0,785,1
0,595,228,923,0,786,1
0,615,216,921,157,803,1
0,665,283,926,0,772,1
0,674,301,927,0,780,1
0,662,319,927,0,783,1
0,664,325,927,0,782,1
0,664,320,927,0,783,1
0,669,339,927,0,788,1
0,656,340,927,0,787,1
42,620,308,923,0,786,1
38,488,432,812,1,585,1
0,534,450,847,0,662,1
78,542,447,787,0,687,1
38,535,432,783,5,710,1
99,546,380,774,0,735,1
33,543,418,817,0,738,1
57,540,437,844,0,749,1
97,527,416,843,0,755,1
83,532,437,842,0,756,1
60,527,446,817,0,761,1
70,542,436,821,0,765,1
67,511,448,851,0,771,1
116,459,399,859,53,775,1
160,473,416,850,53,769,1
118,257,384,801,0,625,1
243,205,365,842,109,602,1
0,0,0,616,0,711,1
53,506,318,533,78,646,1
0,471,307,646,0,691,1
0,472,366,608,0,699,1
13,516,356,633,81,678,1
8,475,294,656,84,722,1
0,434,281,665,0,726,1
0,568,231,654,160,677,1
30,471,311,657,0,714,1
39,479,309,672,0,720,1
0,531,297,665,149,706,1
0,336,302,609,0,707,1
0,369,280,658,0,730,1
0,370,285,660,0,734,1
0,424,288,666,0,737,1
0,426,284,652,0,705,1
0,423,284,671,0,724,1
0,450,287,669,0,735,1
0,443,285,679,0,748,1
0,448,288,698,0,759,1
0,470,309,678,0,675,1
0,468,304,735,0,656,1
0,469,286,766,0,792,1
0,459,284,688,0,744,1
0,468,287,746,0,735,1
0,465,291,738,0,717,1
0,492,293,684,0,667,1
0,492,292,697,0,670,1
0,475,289,687,0,681,1
0,490,291,685,0,630,1
0,490,290,692,0,585,1
0,527,289,611,0,663,1
0,501,289,574,0,678,1
138,374,226,28,67,588,1
198,516,283,153,0,649,1
57,530,288,151,59,677,1
13,547,314,304,62,662,1
12,554,306,174,68,665,1
154,571,272,382,87,683,1
8,617,320,381,1,683,1
10,630,349,407,0,685,1
10,632,340,271,0,646,1
7,605,330,322,58,629,1
8,591,326,302,80,644,1
7,622,333,456,0,673,1
6,415,341,876,64,56,1
47,610,350,538,82,324,1
42,649,324,517,56,378,1
11,653,367,508,0,466,1
0,648,365,658,0,517,1
0,664,425,634,0,516,1
8,667,414,638,0,535,1
0,658,313,606,0,402,1
0,673,400,585,0,534,1
0,688,379,547,0,370,1
1,706,392,547,0,534,1
9,672,379,532,0,417,1
9,688,349,558,0,471,1
0,693,336,607,0,574,1
0,698,378,596,0,510,1
0,722,393,567,0,576,1
0,719,383,546,0,394,1
28,704,354,578,130,511,1
605,0,0,752,464,597,1
522,0,0,755,422,604,1
648,0,0,750,446,877,1
547,0,0,707,567,848,1
0,0,832,416,270,351,1
0,514,849,449,0,320,1
0,542,851,453,0,357,1
0,531,847,463,0,311,1
0,514,847,478,0,311,1
0,516,853,465,0,326,1
0,373,857,463,0,235,1
1,398,855,446,0,167,1
0,466,856,466,0,294,1
1,432,858,471,0,254,1
2,566,827,496,0,263,1
4,590,826,480,0,267,1
3,568,824,493,0,293,1
3,553,836,488,0,323,1
2,549,833,486,0,327,1
0,566,832,488,0,348,1
0,560,847,475,0,404,1
0,552,850,477,0,368,1
0,503,851,480,0,353,1
2,488,847,477,0,384,1
0,582,849,381,0,390,1
0,483,838,415,0,331,1
0,486,835,412,0,329,1
0,471,835,400,0,373,1
0,35,749,429,80,2,1
0,147,699,0,0,720,1
0,608,780,424,0,690,1
0,668,781,469,0,683,1
0,749,708,549,0,662,1
0,698,778,526,0,680,1
0,661,788,505,0,699,1
0,654,791,484,0,691,1
0,574,759,438,0,639,1
0,587,727,509,0,678,1
0,659,736,537,0,711,1
0,665,720,550,0,713,1
0,657,720,551,0,717,1
0,657,723,559,0,718,1
0,652,700,712,0,718,1
0,0,717,349,0,724,1
0,0,712,611,0,708,1
0,213,129,641,0,754,2
172,519,118,0,92,832,2
0,0,0,750,0,667,2
342,0,192,789,565,740,2
271,0,183,757,496,817,2
175,0,208,764,226,727,2
68,180,277,748,308,717,2
94,138,237,760,312,748,2
221,0,211,755,572,753,2
323,30,228,766,606,757,2
93,55,295,788,480,746,2
269,0,130,821,452,893,2
171,168,283,817,450,776,2
141,82,165,876,352,861,2
294,219,347,812,390,762,2
262,97,352,812,409,780,2
247,5,375,858,380,745,2
127,0,281,809,369,697,2
360,0,258,823,448,636,2
562,0,258,826,386,620,2
0,17,42,667,0,604,2
0,72,1,814,0,757,2
262,373,0,741,430,914,2
356,216,271,755,311,801,2
435,224,388,750,35,774,2
198,223,373,765,413,810,2
348,203,389,815,620,842,2
109,318,376,825,551,827,2
149,335,279,780,528,808,2
47,361,387,775,479,807,2
0,385,383,781,226,807,2
19,337,372,792,468,800,2
43,342,278,780,649,802,2
201,252,287,775,305,803,2
4,317,415,754,0,816,2
3,87,221,825,0,802,2
428,0,111,857,477,832,2
492,0,120,871,617,912,2
480,0,126,863,666,848,2
364,0,217,863,565,859,2
480,179,235,863,214,854,2
39,0,260,866,254,861,2
101,91,232,871,475,859,2
419,0,211,865,497,863,2
103,0,176,885,274,918,2
0,300,246,910,22,939,2
8,420,456,816,268,865,2
31,390,382,853,423,843,2
31,426,443,856,234,850,2
56,380,433,842,348,861,2
129,235,425,851,402,864,2
199,306,412,854,504,868,2
76,334,427,854,345,870,2
194,315,429,857,491,873,2
51,365,448,866,327,838,2
67,259,224,722,206,852,2
77,63,256,725,343,717,2
354,0,182,753,663,745,2
182,501,508,252,424,0,2
206,126,376,252,626,0,2
210,146,449,733,420,0,2
142,102,448,721,493,0,2
115,185,220,789,534,853,2
152,23,324,760,539,830,2
216,91,336,751,545,840,2
241,395,281,795,375,879,2
460,0,327,829,436,799,2
228,0,265,801,383,836,2
490,94,300,825,384,877,2
342,153,373,828,413,888,2
138,141,363,827,78,889,2
86,181,324,830,355,881,2
170,198,404,823,251,883,2
343,148,441,825,202,889,2
234,0,289,791,395,876,2
363,30,315,777,538,833,2
433,0,125,837,517,851,2
414,0,188,815,487,827,2
406,0,294,817,568,839,2
404,0,308,823,469,833,2
392,0,310,824,455,850,2
454,0,320,825,553,848,2
421,0,321,828,391,858,2
266,0,282,826,0,855,2
182,0,349,787,293,857,2
53,92,413,775,163,861,2
65,88,425,780,159,860,2
64,161,425,790,128,862,2
51,0,398,779,99,865,2
27,145,412,727,6,799,2
28,301,421,762,9,849,2
1,133,419,736,9,873,2
156,330,413,787,91,853,2
178,296,342,771,73,865,2
378,145,312,791,246,875,2
249,0,277,844,84,674,2
31,0,235,272,341,820,2
0,19,299,816,236,799,2
230,111,416,749,99,773,2
0,253,441,747,142,759,2
80,227,402,730,121,764,2
75,233,402,744,157,769,2
220,176,400,748,142,769,2
441,161,338,733,219,752,2
234,212,360,739,298,770,2
337,363,425,681,114,791,2
630,0,0,810,279,912,2
611,0,60,806,537,915,2
385,0,242,823,516,886,2
227,6,258,825,450,889,2
107,6,304,823,398,897,2
553,0,3,837,528,900,2
678,0,0,826,682,908,2
756,0,0,871,489,819,2
661,0,0,876,554,873,2
612,0,0,862,615,870,2
644,0,93,871,647,871,2
570,0,97,870,600,870,2
480,4,93,863,585,862,2
453,0,139,869,579,863,2
543,0,0,788,800,854,2
568,0,0,713,848,923,2
604,0,0,716,780,922,2
588,0,0,717,698,878,2
626,0,0,701,686,890,2
716,0,0,701,707,896,2
483,0,0,803,672,881,2
529,0,89,864,648,889,2
374,0,144,859,507,878,2
423,0,114,860,585,884,2
363,0,214,858,543,884,2
418,55,223,860,560,885,2
330,53,337,859,496,877,2
209,48,371,851,473,880,2
381,0,352,853,175,881,2
178,81,406,859,315,875,2
58,0,411,858,293,879,2
155,96,431,867,143,896,2
245,60,420,864,250,897,2
141,103,426,861,232,889,2
469,0,162,866,464,900,2
335,0,284,858,475,892,2
213,1,388,858,468,893,2
151,60,430,857,424,893,2
213,62,420,859,434,894,2
197,62,421,861,444,896,2
172,108,441,864,429,895,2
306,0,169,835,657,880,2
268,7,300,807,37,917,2
216,10,265,798,35,922,2
539,0,0,811,191,929,2
553,0,1,810,178,930,2
535,0,0,804,187,931,2
331,0,1,802,449,930,2
495,0,0,802,129,931,2
406,0,0,798,125,932,2
252,0,157,803,91,931,2
324,0,181,795,66,933,2
268,0,189,797,55,932,2
315,0,171,797,57,932,2
464,0,145,797,100,933,2
506,0,0,786,117,934,2
173,0,211,780,69,934,2
235,0,209,783,77,935,2
301,0,165,789,103,935,2
294,0,203,796,101,936,2
277,0,199,790,108,934,2
265,0,202,782,88,935,2
239,0,206,785,95,936,2
244,0,203,782,245,937,2
760,0,101,787,848,936,2
749,0,36,791,842,936,2
748,0,167,794,842,936,2
746,0,175,792,834,936,2
744,0,124,779,841,937,2
725,0,181,773,852,936,2
729,0,183,776,851,936,2
715,0,207,779,848,935,2
712,0,203,781,847,935,2
708,0,203,789,830,935,2
699,0,204,790,835,935,2
207,0,261,785,0,936,2
126,5,258,790,23,936,2
100,1,270,783,35,936,2
50,10,234,795,48,936,2
174,6,247,792,50,937,2
54,6,288,796,55,937,2
135,25,287,792,57,937,2
136,84,309,792,57,937,2
49,113,312,801,60,937,2
60,6,271,802,59,937,2
156,118,309,798,62,937,2
176,79,283,797,63,937,2
133,107,284,794,60,938,2
129,106,346,794,44,938,2
156,89,270,793,0,938,2
137,81,273,795,9,938,2
138,77,274,798,23,937,2
136,133,277,796,26,938,2
141,117,280,795,19,938,2
155,119,315,797,16,938,2
153,96,313,798,17,938,2
151,140,308,797,17,938,2
155,151,275,796,15,938,2
151,144,280,795,16,938,2
173,62,272,790,14,927,2
157,139,305,794,9,927,2
168,115,309,792,8,928,2
160,160,313,793,6,929,2
170,140,311,794,26,931,2
175,135,309,794,4,931,2
168,161,308,795,4,931,2
171,158,313,796,3,931,2
175,162,275,794,4,932,2
181,20,257,796,4,932,2
2,0,0,826,72,542,2
252,2,0,931,569,793,2
109,4,0,885,96,819,2
106,5,0,875,96,831,2
95,8,0,879,107,835,2
59,9,1,884,6,835,2
57,8,1,882,7,833,2
57,11,2,881,6,836,2
103,9,0,886,17,843,2
97,11,0,887,285,842,2
213,11,0,889,193,847,2
73,14,1,890,77,847,2
149,12,0,893,27,844,2
190,14,1,892,64,839,2
180,15,0,893,66,841,2
171,15,0,893,59,844,2
173,15,0,891,59,846,2
149,16,0,891,55,847,2
204,16,0,889,51,849,2
185,15,0,890,60,849,2
225,15,0,891,35,851,2
191,16,0,891,48,848,2
181,15,0,891,63,852,2
187,15,0,891,69,854,2
179,16,0,893,62,855,2
167,16,0,894,36,854,2
166,17,0,895,71,855,2
163,16,0,896,70,854,2
173,16,0,895,63,855,2
171,39,0,896,65,856,2
171,16,0,896,51,856,2
178,16,0,898,27,857,2
181,19,0,898,29,856,2
190,16,0,899,37,856,2
186,17,0,901,26,856,2
188,17,0,901,27,856,2
189,17,0,901,28,857,2
183,16,0,900,28,856,2
189,42,0,901,28,858,2
187,36,0,901,29,857,2
198,39,0,903,29,858,2
195,35,0,901,31,860,2
198,40,0,901,30,859,2
200,20,0,901,32,859,2
199,17,0,901,32,859,2
194,20,0,901,34,859,2
204,18,0,903,52,859,2
208,18,0,902,59,859,2
207,18,0,902,59,860,2
196,17,0,902,71,860,2
206,19,0,902,74,860,2
205,51,0,903,52,861,2
209,53,0,902,46,861,2
198,58,0,902,62,862,2
133,111,0,903,66,862,2
140,91,0,903,58,862,2
142,58,0,903,65,862,2
157,145,0,903,30,863,2
168,118,0,903,9,862,2
181,128,0,904,49,863,2
184,129,0,904,47,863,2
162,139,0,904,5,864,2
161,123,0,903,5,864,2
160,129,0,903,5,864,2
160,136,0,903,6,864,2
144,120,0,903,6,864,2
146,122,0,902,7,864,2
145,120,0,902,6,864,2
150,98,0,903,7,864,2
142,98,0,903,9,864,2
130,99,0,903,9,864,2
127,102,0,903,11,865,2
0,128,0,951,43,815,2
3,391,0,954,84,826,2
10,476,0,955,91,827,2
5,489,3,957,169,811,2
4,433,1,957,98,831,2
3,37,193,948,0,882,2
122,537,3,957,87,828,2
28,563,3,958,64,835,2
4,664,4,958,138,833,2
1,654,10,958,47,837,2
4,658,11,958,57,838,2
3,668,11,958,85,840,2
7,661,11,958,73,841,2
25,659,13,958,81,841,2
4,661,11,958,37,841,2
5,658,9,958,46,842,2
7,660,12,958,74,842,2
8,641,5,958,120,842,2
0,658,15,960,115,843,2
0,675,11,960,146,844,2
0,529,9,906,0,883,2
747,6,0,928,418,823,2
802,2,0,936,222,810,2
809,0,0,944,217,760,2
823,0,21,944,233,765,2
829,0,19,945,270,764,2
833,0,18,944,266,770,2
831,0,22,945,275,769,2
836,0,21,945,290,765,2
837,0,21,946,274,766,2
829,0,18,945,245,812,2
470,0,0,945,616,796,2
47,475,12,915,40,791,2
71,345,2,933,355,797,2
125,238,31,936,56,827,2
184,140,10,936,136,840,2
168,217,28,936,111,843,2
185,44,27,936,101,846,2
251,13,28,937,98,848,2
224,52,29,937,80,851,2
602,0,0,822,666,720,2
524,0,126,794,491,714,2
517,0,161,822,555,755,2
501,0,133,826,438,755,2
531,0,111,826,439,779,2
456,0,186,791,543,736,2
513,0,195,806,444,732,2
330,0,301,752,333,749,2
499,0,181,662,483,880,2
339,0,95,684,268,920,2
458,0,149,730,475,883,2
539,0,151,719,772,812,2
663,0,96,734,92,828,2
612,0,171,716,401,760,2
556,0,147,687,705,862,2
608,0,0,729,717,920,2
652,0,91,715,531,931,2
453,0,257,681,191,745,2
600,0,240,696,505,746,2
740,0,203,707,732,770,2
240,0,76,737,457,928,2
148,0,107,705,683,933,2
338,0,156,754,602,917,2
310,0,228,743,727,878,2
0,0,0,750,0,816,2
692,0,0,679,733,920,2
47,0,291,689,236,824,2
511,0,0,636,453,933,2
7,0,419,615,239,758,2
183,0,317,581,347,749,2
93,0,416,599,434,748,2
164,0,368,602,190,805,2
350,0,276,636,154,807,2
309,1,263,640,523,855,2
539,0,249,649,268,852,2
115,0,389,944,324,941,2
65,104,352,946,336,939,2
91,200,372,946,377,940,2
54,181,345,947,375,940,2
76,185,349,946,349,940,2
69,133,354,944,353,941,2
33,152,358,933,293,941,2
41,175,364,949,309,941,2
0,283,349,951,293,941,2
45,213,370,952,320,943,2
68,210,339,952,350,943,2
41,0,366,956,327,944,2
84,193,370,956,343,944,2
97,203,372,955,359,945,2
49,210,369,958,308,944,2
37,146,334,958,454,945,2
14,248,331,959,473,944,2
14,284,336,959,459,944,2
72,265,400,958,172,944,2
19,242,439,958,107,944,2
73,203,462,952,367,944,2
104,216,349,951,397,945,2
122,243,355,950,418,944,2
104,252,352,949,421,944,2
98,270,352,947,424,944,2
101,276,350,945,448,945,2
112,265,353,941,443,945,2
109,253,351,936,454,945,2
107,260,340,930,457,945,2
79,278,340,864,417,945,2
116,309,334,817,443,945,2
114,314,352,826,455,946,2
115,310,338,830,433,947,2
117,291,346,835,436,947,2
116,319,354,825,447,946,2
114,317,350,809,456,947,2
121,258,356,789,453,946,2
123,305,352,779,457,947,2
126,295,349,777,473,947,2
129,307,347,775,474,946,2
131,301,351,933,481,947,2
125,256,343,954,477,947,2
78,262,343,955,364,945,2
125,285,352,956,369,946,2
142,300,347,956,393,946,2
140,291,356,956,391,947,2
152,297,345,956,368,947,2
154,301,345,957,378,947,2
140,244,348,957,437,949,2
247,338,342,911,395,926,2
240,396,385,827,447,929,2
203,396,378,940,470,930,2
192,430,382,926,477,930,2
157,422,389,826,467,930,2
203,445,379,949,481,930,2
272,360,338,952,513,930,2
214,438,377,735,527,930,2
238,441,376,744,529,930,2
233,443,376,730,522,930,2
289,270,351,747,580,923,2
121,364,358,735,544,930,2
75,124,415,734,519,932,2
100,241,371,733,610,931,2
204,387,416,731,480,932,2
188,407,414,718,498,933,2
255,398,406,720,516,930,2
187,350,439,707,536,932,2
246,404,405,710,552,933,2
303,399,425,703,542,932,2
205,396,411,701,431,932,2
245,423,439,685,500,933,2
261,422,418,671,506,934,2
299,418,418,671,519,934,2
281,406,423,667,514,934,2
276,427,427,670,531,934,2
278,428,427,681,533,934,2
647,579,266,838,124,939,2
450,404,358,886,414,934,2
507,418,362,944,452,935,2
514,429,363,950,449,935,2
495,437,365,963,391,934,2
673,545,373,969,440,935,2
748,448,333,969,489,935,2
726,504,272,966,500,932,2
511,414,339,766,213,934,2
695,480,336,910,423,934,2
277,628,338,767,193,933,2
494,443,353,751,372,935,2
500,467,355,779,433,936,2
507,518,357,791,448,936,2
532,474,349,787,451,936,2
506,480,352,786,477,936,2
519,487,351,793,461,936,2
502,475,352,788,432,936,2
538,479,360,768,463,937,2
517,464,360,765,452,937,2
475,0,0,894,703,885,2
219,2,0,903,548,897,2
325,0,0,921,578,875,2
435,0,0,931,631,874,2
490,1,1,859,484,896,2
445,2,0,912,477,895,2
269,1,0,919,375,883,2
373,1,1,928,406,886,2
394,1,0,889,449,893,2
439,0,1,884,307,891,2
272,1,1,884,401,897,2
304,1,140,845,223,889,2
301,0,1,815,292,895,2
203,0,0,789,383,893,2
0,0,94,774,219,888,2
384,1,45,894,338,892,2
499,0,48,859,314,893,2
361,1,94,841,380,894,2
412,1,29,878,449,886,2
419,0,44,863,454,894,2
297,1,26,879,449,894,2
286,0,31,893,287,911,2
433,0,1,916,427,895,2
432,1,1,856,486,897,2
0,0,0,678,0,819,2
377,0,175,622,613,829,2
706,0,275,837,679,802,2
140,0,312,760,501,824,2
0,61,0,917,195,780,2
82,0,0,841,292,814,2
237,0,1,861,487,832,2
638,0,155,814,278,838,2
88,0,0,854,587,811,2
0,0,0,667,1,821,2
176,140,97,522,68,613,2
119,0,0,620,83,811,2
402,0,0,868,695,846,2
363,0,0,835,672,868,2
651,0,1,958,641,792,2
608,0,2,964,764,821,2
628,0,2,965,774,823,2
624,0,3,962,771,821,2
469,0,0,949,736,883,2
408,0,1,915,680,920,2
414,1,1,919,692,923,2
473,0,1,921,662,926,2
494,0,2,921,694,926,2
407,0,2,914,715,918,2
259,0,1,897,551,927,2
168,0,25,896,647,930,2
468,0,2,896,614,929,2
391,0,2,900,339,926,2
192,0,179,888,367,931,2
100,0,250,889,308,933,2
107,0,252,891,317,934,2
132,0,255,894,229,936,2
132,0,253,894,316,937,2
161,0,267,895,302,937,2
256,0,32,901,473,936,2
175,0,246,898,307,938,2
216,0,244,896,320,938,2
217,0,34,896,486,939,2
175,0,230,894,380,940,2
204,0,280,885,348,940,2
255,0,27,886,526,940,2
178,0,30,887,516,941,2
271,0,31,892,552,942,2
247,0,30,890,444,942,2
251,0,300,894,413,943,2
196,0,293,894,373,943,2
116,0,300,896,319,943,2
149,0,309,897,295,943,2
0,100,731,662,41,719,2
0,0,740,685,104,720,2
0,0,174,0,0,652,2
0,0,24,0,0,62,2
404,0,162,864,698,859,2
0,0,22,0,0,23,2
0,0,23,0,0,84,2
922,0,0,501,388,770,2
614,0,0,741,358,911,2
856,0,90,636,27,914,2
483,0,274,839,392,896,2
834,1,0,681,345,850,2
0,813,0,851,644,728,2
587,609,224,700,272,802,2
735,602,313,669,95,815,2
728,610,299,695,41,826,2
739,614,301,739,43,821,2
644,669,306,675,82,813,2
581,720,304,694,381,794,2
598,754,347,719,261,815,2
677,731,330,664,189,782,2
647,736,330,602,187,763,2
673,694,225,704,478,805,2
476,642,226,864,171,819,2
473,653,233,874,214,842,2
422,674,221,889,260,848,2
328,680,224,876,271,838,2
260,701,225,875,296,847,2
247,708,224,777,244,839,2
280,747,220,837,327,842,2
127,665,301,814,196,841,2
224,709,301,850,223,845,2
147,701,304,856,211,841,2
177,740,394,879,275,853,2
156,738,327,884,122,829,2
79,754,405,893,121,841,2
20,760,417,898,89,840,2
372,607,125,892,289,838,2
395,681,272,895,295,842,2
376,725,330,901,337,852,2
360,722,289,901,333,849,2
475,727,429,892,106,843,2
904,577,408,866,117,862,2
852,560,396,878,189,852,2
841,499,402,884,206,849,2
849,528,394,887,272,857,2
0,0,0,787,0,802,2
0,0,0,630,0,833,2
0,0,139,634,322,761,2
32,450,261,820,63,822,3
0,0,0,769,0,756,3
0,534,0,811,0,845,3
0,509,0,801,39,836,3
0,580,0,784,0,854,3
30,496,0,789,44,847,3
51,550,0,761,45,851,3
0,593,0,751,57,854,3
0,528,0,775,0,806,3
0,521,2,798,229,785,3
0,500,32,794,260,797,3
0,501,34,789,141,794,3
0,621,0,836,80,730,3
0,497,0,826,260,679,3
0,542,29,867,495,750,3
0,256,107,842,238,807,3
0,257,38,827,283,820,3
0,487,0,847,259,754,3
0,498,87,834,358,751,3
0,493,253,814,382,778,3
0,323,55,829,478,0,3
0,316,125,836,493,0,3
0,326,87,837,520,0,3
0,364,178,838,464,0,3
0,465,119,840,452,0,3
0,416,188,841,355,0,3
0,316,190,841,397,0,3
0,330,189,841,251,0,3
0,457,0,847,191,0,3
0,357,233,832,85,218,3
0,206,256,829,238,269,3
0,223,259,832,197,249,3
0,107,188,881,112,530,3
0,146,240,867,145,459,3
0,458,0,831,87,341,3
0,556,105,846,189,337,3
0,211,269,815,222,414,3
0,200,306,829,180,379,3
0,256,241,831,135,351,3
0,231,309,836,129,346,3
0,303,258,837,129,393,3
0,430,59,835,172,426,3
0,407,162,821,209,360,3
0,404,236,821,260,366,3
0,339,176,844,295,400,3
0,368,263,845,139,405,3
0,451,267,847,97,426,3
0,436,252,788,268,397,3
0,437,156,812,156,295,3
0,420,165,817,220,418,3
0,416,167,819,210,439,3
0,365,227,815,103,452,3
0,218,278,811,124,555,3
0,297,168,580,80,697,3
0,473,201,681,116,734,3
0,448,109,690,79,690,3
0,425,107,662,108,725,3
0,357,208,673,92,737,3
0,339,165,666,103,739,3
0,398,141,672,93,741,3
0,416,160,656,91,739,3
0,181,257,657,121,736,3
0,373,245,678,107,732,3
0,423,262,673,110,735,3
0,407,269,673,96,740,3
0,406,272,688,94,739,3
0,380,251,677,94,736,3
0,307,153,686,297,723,3
0,392,235,688,216,732,3
0,424,117,676,272,737,3
0,342,205,756,97,862,3
0,299,96,753,318,801,3
0,274,132,758,202,814,3
0,354,133,748,98,799,3
0,375,196,767,79,817,3
0,593,79,778,79,797,3
0,400,132,777,96,803,3
0,371,138,777,121,817,3
0,460,0,817,126,788,3
0,472,1,805,429,798,3
0,332,275,774,94,825,3
0,429,300,785,117,798,3
0,427,301,775,144,798,3
0,503,251,769,92,758,3
0,438,252,767,156,770,3
0,435,295,760,139,764,3
0,576,117,788,120,784,3
0,534,171,799,98,777,3
0,606,183,779,118,762,3
0,501,180,761,147,749,3
0,537,252,773,145,772,3
0,500,288,745,152,777,3
0,521,226,708,152,817,3
0,518,241,742,128,793,3
0,521,248,730,171,800,3
0,406,271,732,137,809,3
0,540,231,756,98,779,3
0,614,226,753,109,803,3
0,618,229,753,117,800,3
0,597,202,757,119,799,3
0,610,227,757,140,802,3
0,474,249,750,138,806,3
0,548,254,743,133,807,3
0,619,236,744,141,806,3
0,599,209,748,159,802,3
0,643,205,757,157,784,3
0,635,197,754,281,791,3
0,633,2,765,217,804,3
0,660,41,762,196,800,3
0,483,1,769,156,781,3
0,547,126,769,78,776,3
0,611,204,758,100,791,3
0,586,105,766,275,795,3
292,0,363,155,0,943,3
325,49,0,650,382,874,3
3,0,0,673,62,889,3
125,0,331,153,0,890,3
297,0,313,156,0,899,3
87,0,269,154,39,898,3
0,0,174,201,0,887,3
0,1,229,202,0,882,3
8,0,402,155,0,869,3
4,0,489,181,0,873,3
4,0,466,181,0,878,3
0,0,358,174,0,876,3
0,0,0,184,0,886,3
0,0,0,204,0,902,3
1,651,174,628,224,657,3
0,699,432,679,0,696,3
0,698,291,660,0,733,3
0,1023,0,480,0,781,3
0,1023,0,582,0,794,3
0,1023,0,567,0,795,3
0,1023,0,624,0,796,3
0,1023,0,589,0,795,3
0,1023,0,623,0,797,3
0,1023,0,615,0,800,3
0,1023,0,629,0,801,3
0,1023,1,629,0,801,3
0,1023,1,623,0,797,3
0,1023,0,625,0,801,3
0,1023,0,638,0,804,3
0,1023,1,641,0,808,3
0,1023,1,641,0,811,3
0,1023,1,637,0,811,3
0,1023,1,637,0,813,3
0,1023,1,630,0,814,3
0,1023,1,635,0,813,3
0,1023,1,627,0,813,3
0,1023,1,631,0,814,3
0,1023,1,619,0,811,3
0,1023,1,629,0,810,3
0,1023,1,622,0,813,3
0,1023,1,628,0,817,3
0,1023,2,619,0,817,3
0,1023,3,620,0,821,3
0,1023,4,611,0,822,3
0,1023,3,613,0,823,3
0,720,0,847,0,846,3
0,714,1,608,0,823,3
0,211,0,707,0,850,3
0,0,0,818,591,892,3
0,35,0,832,647,894,3
0,267,0,857,577,893,3
0,220,0,864,699,898,3
0,303,0,866,705,897,3
0,281,0,868,659,905,3
0,280,0,856,651,883,3
0,368,0,867,629,880,3
0,303,0,870,667,881,3
0,309,0,865,643,879,3
0,357,0,866,675,881,3
0,335,0,875,683,882,3
0,313,0,876,692,882,3
0,345,0,877,687,882,3
0,376,0,877,693,880,3
0,380,0,878,687,882,3
0,372,0,879,683,883,3
0,379,0,879,672,884,3
0,345,0,880,658,881,3
0,320,0,885,686,881,3
0,310,0,888,725,884,3
0,280,0,887,703,889,3
0,266,0,886,730,870,3
0,259,0,887,732,879,3
0,260,0,886,741,880,3
0,284,0,882,683,882,3
0,317,0,883,682,885,3
0,337,0,885,678,884,3
0,342,0,886,691,884,3
0,367,0,886,669,885,3
0,358,0,889,626,885,3
0,373,0,889,638,888,3
0,372,0,891,668,887,3
2,372,0,890,675,887,3
0,389,0,890,654,885,3
0,502,1,805,451,884,3
0,436,0,863,486,894,3
0,639,0,886,454,800,3
0,617,0,879,560,819,3
0,631,1,877,590,831,3
0,618,1,890,621,835,3
0,619,2,883,613,835,3
0,640,1,888,527,842,3
0,610,1,890,573,845,3
0,618,1,864,607,846,3
0,625,1,880,619,846,3
0,624,2,883,619,843,3
0,624,1,881,627,844,3
0,617,1,885,638,844,3
0,621,3,874,571,837,3
0,612,3,876,647,835,3
0,616,3,885,664,842,3
0,594,2,886,604,842,3
0,715,2,855,219,841,3
0,707,36,839,206,844,3
0,698,62,838,217,847,3
0,694,170,835,213,845,3
0,652,217,837,25,845,3
0,667,137,845,104,846,3
0,678,180,842,71,848,3
0,665,229,841,70,851,3
0,637,222,821,77,851,3
0,651,208,825,69,850,3
0,680,221,832,89,850,3
0,648,242,838,63,849,3
0,658,236,831,70,851,3
0,678,247,836,69,848,3
0,671,239,833,71,850,3
0,643,246,835,63,849,3
0,650,239,850,85,849,3
0,656,245,847,89,850,3
0,653,256,840,98,852,3
0,649,254,847,95,852,3
0,649,277,841,97,854,3
0,658,296,846,92,854,3
0,651,288,843,89,855,3
0,659,272,839,86,855,3
0,649,283,841,78,857,3
0,665,289,852,89,857,3
0,649,302,848,91,855,3
0,659,297,851,69,856,3
0,666,299,846,63,855,3
0,681,321,847,74,855,3
0,684,329,846,24,855,3
0,681,245,849,119,856,3
0,617,311,846,107,858,3
0,662,187,841,151,857,3
0,647,11,331,37,830,3
0,685,190,311,16,777,3
0,674,207,0,33,777,3
0,644,250,0,31,776,3
0,701,210,0,35,799,3
0,694,214,0,33,799,3
0,692,217,0,36,802,3
0,704,220,0,29,810,3
0,688,228,0,32,813,3
0,674,224,0,37,815,3
0,712,224,0,36,812,3
0,703,253,0,33,816,3
0,721,235,0,32,809,3
0,713,256,0,35,813,3
0,732,234,0,37,815,3
0,711,257,0,36,813,3
0,722,256,0,35,817,3
0,723,256,0,39,815,3
0,707,253,0,34,812,3
0,710,260,0,38,812,3
0,717,253,0,34,811,3
0,711,267,0,35,813,3
0,652,351,0,0,822,3
0,680,301,0,0,815,3
0,675,336,0,2,811,3
0,665,248,0,15,797,3
0,641,330,0,0,810,3
0,599,13,0,34,796,3
0,629,121,0,33,804,3
0,656,14,0,37,818,3
0,625,176,0,0,809,3
0,656,83,0,0,814,3
0,655,161,0,0,815,3
0,662,172,0,0,816,3
0,658,166,0,0,821,3
0,678,163,0,0,823,3
0,688,174,0,0,827,3
0,689,173,0,0,828,3
0,682,169,1,0,833,3
0,688,172,292,0,827,3
0,695,15,0,0,820,3
0,696,172,312,0,823,3
0,697,173,0,0,823,3
0,692,189,293,0,823,3
0,706,188,311,0,824,3
0,700,192,312,0,829,3
0,700,189,312,0,832,3
0,587,156,221,60,803,3
0,570,45,306,85,820,3
0,505,262,512,53,837,3
0,591,17,499,55,837,3
0,540,171,511,30,839,3
0,542,254,517,111,838,3
0,450,43,825,522,301,3
0,221,407,744,621,561,3
0,249,383,770,555,538,3
0,364,357,828,626,668,3
0,298,434,881,421,720,3
0,199,378,838,501,788,3
0,224,469,836,332,785,3
0,129,516,833,243,767,3
3,108,469,853,432,792,3
0,208,518,855,260,788,3
0,193,459,886,354,770,3
0,151,362,880,397,825,3
0,275,265,898,258,830,3
0,516,607,751,358,631,3
0,404,588,743,612,617,3
0,336,430,814,222,842,3
0,326,393,857,385,864,3
0,348,474,780,531,756,3
0,371,555,767,515,765,3
0,393,553,767,527,768,3
0,220,368,812,546,797,3
0,348,463,787,543,748,3
0,117,477,664,570,744,3
0,223,505,679,421,760,3
0,368,438,754,562,726,3
0,407,488,731,383,344,3
77,317,495,681,577,736,3
0,320,519,677,558,753,3
0,314,540,656,522,744,3
0,329,541,669,532,753,3
0,286,550,753,319,623,3
0,249,552,758,373,674,3
0,232,565,764,404,668,3
0,195,604,875,163,530,3
29,286,529,689,526,722,3
217,189,510,620,36,785,3
0,558,192,774,200,617,3
0,232,402,761,316,767,3
0,0,148,702,323,615,3
0,0,345,672,203,631,3
0,0,248,703,278,725,3
0,0,196,790,247,774,3
0,0,159,782,228,763,3
11,0,288,802,186,762,3
28,0,285,802,178,766,3
0,0,309,796,205,755,3
0,14,110,765,40,575,3
0,0,0,618,39,817,3
0,0,232,554,359,772,3
0,94,0,449,527,732,3
0,243,224,554,491,742,3
0,527,0,288,39,689,3
0,477,276,575,360,711,3
0,616,80,581,364,693,3
0,555,342,577,316,725,3
0,546,284,553,122,733,3
0,507,358,489,66,749,3
125,392,257,504,360,752,3
0,488,320,532,408,749,3
0,460,319,544,466,752,3
0,394,0,596,596,682,3
0,405,136,509,599,704,3
0,339,204,523,665,699,3
0,293,0,564,39,644,3
0,443,287,476,243,703,3
0,446,295,519,513,710,3
0,505,293,526,457,747,3
0,497,262,486,278,747,3
0,534,279,535,368,750,3
0,528,277,566,359,753,3
0,460,274,550,471,752,3
42,383,329,703,389,667,3
0,406,266,676,605,683,3
0,468,287,692,533,693,3
0,476,312,686,267,690,3
0,459,0,482,50,805,3
0,510,355,707,291,638,3
0,592,322,697,343,619,3
0,408,334,894,83,611,3
26,536,286,689,328,596,3
0,591,0,764,49,788,3
0,560,430,620,281,762,3
0,669,441,601,113,747,3
0,649,508,636,132,755,3
0,656,503,633,205,753,3
0,652,355,651,269,764,3
0,559,0,766,255,733,3
0,606,292,711,298,714,3
0,576,115,707,115,728,3
0,599,310,681,301,733,3
0,608,318,690,270,732,3
0,612,314,670,282,733,3
0,597,341,671,366,741,3
0,647,211,698,276,729,3
0,483,346,700,121,774,3
0,529,221,767,355,837,3
0,505,269,762,495,829,3
0,522,344,755,467,828,3
0,538,277,757,311,824,3
0,631,0,745,375,776,3
0,557,309,737,528,759,3
0,519,350,737,244,780,3
0,584,325,729,390,779,3
0,623,325,726,273,787,3
0,641,288,738,596,785,3
0,625,137,734,695,775,3
0,582,80,767,435,760,3
0,463,237,754,459,805,3
0,335,270,750,489,822,3
1,486,267,747,357,813,3
0,540,263,749,551,827,3
0,609,289,746,666,810,3
0,602,124,747,573,801,3
0,609,284,737,619,812,3
0,581,363,743,221,814,3
0,576,278,740,167,812,3
0,578,267,749,503,811,3
0,494,154,754,532,803,3
0,460,206,756,497,796,3
0,438,116,757,634,790,3
0,437,230,762,552,791,3
0,458,247,764,649,794,3
17,248,338,764,645,805,3
0,215,0,706,26,751,3
0,0,0,654,24,760,3
0,236,0,634,113,790,3
0,0,0,721,245,786,3
0,0,0,707,6,781,3
0,393,259,682,171,774,3
0,425,0,701,297,767,3
0,410,0,696,265,770,3
0,405,83,692,324,781,3
0,238,302,725,243,767,3
0,603,0,553,56,810,3
0,641,323,823,56,241,3
0,581,0,796,48,670,3
0,539,217,702,173,706,3
0,254,104,852,68,848,3
0,579,415,743,343,385,3
0,560,416,804,376,657,3
0,626,308,815,582,653,3
0,580,210,857,118,689,3
35,364,264,918,102,759,3
0,301,0,870,411,744,3
0,322,322,864,76,727,3
0,451,98,842,123,602,3
0,389,283,835,450,660,3
0,384,0,756,454,630,3
0,387,0,711,455,520,3
0,215,0,711,274,513,3
0,738,82,791,13,852,3
0,731,204,799,0,878,3
0,741,206,798,0,875,3
0,751,194,791,0,877,3
0,750,219,776,0,876,3
0,752,223,755,0,875,3
0,753,206,739,0,875,3
0,757,205,726,0,880,3
0,755,76,721,69,879,3
0,759,174,817,0,877,3
0,720,0,818,136,870,3
0,691,193,766,44,869,3
2,704,215,762,37,872,3
0,654,223,760,7,874,3
0,759,0,760,42,868,3
0,703,184,739,73,872,3
0,684,217,731,199,875,3
0,656,225,720,122,880,3
0,656,221,733,152,880,3
0,672,213,735,247,880,3
0,667,216,737,322,878,3
0,625,205,736,348,884,3
0,639,210,733,335,882,3
0,596,218,732,164,887,3
0,541,0,739,0,895,3
0,127,235,685,0,855,3
0,812,0,403,107,844,3
0,815,0,476,102,836,3
0,819,0,517,97,844,3
0,822,0,561,101,830,3
0,804,0,619,129,832,3
0,804,0,584,111,839,3
0,794,0,608,46,837,3
5,795,117,696,70,850,3
0,846,241,745,0,842,3
0,844,221,885,36,750,3
0,844,337,883,8,705,3
0,840,258,889,76,738,3
0,839,258,891,78,734,3
0,838,266,894,79,751,3
0,840,293,897,46,774,3
18,836,313,898,73,767,3
13,837,323,900,78,783,3
0,839,289,896,71,780,3
0,836,268,885,132,752,3
0,838,267,887,76,753,3
0,837,265,889,73,760,3
12,843,311,896,58,767,3
13,839,331,900,211,774,3
40,841,352,901,188,772,3
17,840,350,896,242,781,3
27,831,322,891,222,762,3
18,825,268,897,303,781,3
10,839,310,901,241,784,3
9,835,308,896,121,767,3
9,842,310,899,141,787,3
8,833,324,899,221,784,3
0,837,308,892,127,780,3
62,836,340,895,178,756,3
105,0,208,784,0,835,3
0,0,0,971,0,964,3
0,540,121,856,0,912,3
102,556,169,817,0,927,3
0,707,0,764,644,825,3
0,752,0,908,409,853,3
0,755,59,906,367,857,3
0,766,79,914,436,860,3
0,766,128,908,461,865,3
0,792,117,915,372,865,3
0,799,127,916,302,867,3
0,786,128,915,421,867,3
1,715,0,912,399,870,3
2,771,140,910,418,872,3
0,790,149,896,433,872,3
0,792,146,856,433,855,3
0,789,145,863,475,848,3
0,796,153,864,354,836,3
0,809,154,915,420,846,3
0,826,136,922,208,850,3
1,821,146,923,283,853,3
0,824,151,922,316,852,3
0,811,156,923,310,851,3
0,835,152,913,185,835,3
0,845,149,907,277,842,3
0,789,0,901,228,894,3
0,854,23,928,294,867,3
0,859,24,934,278,868,3
0,849,23,934,301,873,3
0,848,0,933,402,867,3
0,828,27,933,329,911,3
0,769,122,909,257,893,3
0,780,129,916,230,881,3
0,759,157,914,224,894,3
0,757,147,910,210,896,3
0,764,162,918,238,898,3
0,761,157,884,306,898,3
0,757,166,921,244,900,3
0,742,173,899,337,902,3
0,732,160,897,349,904,3
0,733,173,900,301,902,3
0,746,179,896,240,902,3
0,616,47,854,217,803,3
0,480,234,786,7,803,3
25,613,233,822,0,787,3
0,546,174,914,35,630,3
0,621,260,768,20,583,3
0,846,200,835,577,644,3
0,849,210,816,12,644,3
0,864,267,759,20,605,3
0,882,260,788,22,680,3
130,850,258,780,347,667,3
0,849,256,778,301,696,3
14,848,263,785,343,668,3
14,850,263,794,268,668,3
13,851,265,786,285,671,3
12,852,263,787,299,682,3
153,850,292,810,35,670,3
193,826,293,792,204,639,3
178,831,278,793,240,630,3
0,0,545,645,121,732,3
0,0,449,604,167,722,3
0,0,394,729,177,732,3
0,0,381,730,99,735,3
0,0,533,727,60,754,3
0,0,7,759,120,752,3
0,0,215,748,297,746,3
0,192,199,735,121,725,3
0,0,0,760,126,721,3
17,0,404,750,536,723,3
10,0,509,744,130,729,3
0,0,306,729,93,733,3
0,0,296,738,67,736,3
7,0,76,650,0,744,3
0,0,406,719,0,756,3
275,0,333,806,74,737,3
0,0,445,782,180,749,3
370,0,573,707,104,775,3
303,0,557,745,91,766,3
319,1,572,740,105,767,3
118,0,586,751,117,765,3
10,0,580,752,130,756,3
86,0,570,780,146,745,3
119,0,573,655,153,750,3
254,0,527,655,129,755,3
160,0,536,680,86,757,3
91,0,498,678,87,760,3
190,0,478,669,107,760,3
0,0,480,792,113,762,3
0,0,415,649,110,768,3
2,0,484,635,93,769,3
8,0,486,634,93,768,3
0,0,435,640,122,752,3
0,0,465,647,122,752,3
301,0,281,532,176,754,3
0,0,351,691,147,791,3
0,0,328,624,170,791,3
0,126,0,756,8,670,3
0,2,0,774,110,850,3
0,0,553,878,76,553,3
106,0,578,474,300,831,3
192,0,625,461,164,850,3
0,0,585,480,142,851,3
0,0,774,386,123,844,3
16,0,746,390,154,861,3
0,0,791,373,148,869,3
131,0,821,324,185,862,3
0,0,710,350,280,864,3
0,0,726,359,291,865,3
0,0,588,364,260,864,3
0,0,771,363,185,861,3
0,609,434,619,0,761,4
0,613,422,617,0,740,4
0,599,444,611,0,759,4
0,656,347,233,0,820,4
0,681,407,359,0,770,4
2,643,407,346,0,789,4
0,668,465,324,0,792,4
0,655,498,332,0,793,4
0,676,475,354,0,803,4
0,627,453,358,0,795,4
0,669,470,348,0,795,4
0,696,446,367,0,782,4
10,696,326,426,0,771,4
10,700,350,422,0,771,4
10,741,357,410,0,827,4
10,564,402,574,0,840,4
0,258,465,568,0,808,4
0,106,431,518,0,757,4
0,108,452,492,0,781,4
0,113,433,491,0,784,4
0,133,420,487,0,790,4
0,4,428,502,0,797,4
0,123,445,540,0,62,4
0,291,470,444,0,615,4
0,307,481,454,0,655,4
0,316,510,455,0,600,4
0,326,509,462,0,529,4
0,341,520,462,0,573,4
0,243,522,437,0,602,4
0,271,499,452,0,565,4
0,229,528,457,0,606,4
132,267,562,439,0,622,4
0,382,415,451,0,654,4
10,356,424,448,0,650,4
9,400,555,432,0,639,4
0,221,305,535,0,769,4
0,421,284,250,0,892,4
0,290,364,0,0,889,4
0,371,372,2,0,893,4
0,302,362,2,0,897,4
0,417,366,2,0,873,4
0,419,405,0,0,883,4
0,441,365,0,0,878,4
0,298,487,0,0,891,4
0,325,399,0,0,884,4
0,318,444,0,0,869,4
0,309,422,0,0,870,4
0,296,435,0,0,862,4
0,315,428,0,0,843,4
0,379,447,0,0,890,4
0,374,452,0,0,889,4
0,308,281,568,0,861,4
176,620,444,576,0,0,4
87,600,502,568,0,533,4
0,424,520,504,0,606,4
0,423,534,511,0,658,4
0,376,529,539,0,672,4
0,338,531,545,0,644,4
0,375,531,531,0,680,4
0,377,537,530,0,651,4
0,376,505,545,0,684,4
0,324,555,544,0,682,4
0,109,540,537,0,636,4
0,48,562,526,0,645,4
0,68,562,513,0,637,4
0,0,334,577,0,792,4
0,0,378,495,0,809,4
0,0,412,526,0,780,4
0,0,380,537,0,766,4
0,0,422,504,0,750,4
0,0,395,536,0,742,4
0,0,428,577,0,748,4
0,0,402,516,0,780,4
0,0,455,524,0,775,4
0,0,459,513,0,764,4
0,1,448,522,0,770,4
0,0,407,548,0,782,4
0,0,410,548,0,780,4
0,0,422,549,0,781,4
0,1,393,538,0,770,4
0,1,396,526,0,773,4
0,0,402,526,0,771,4
0,0,366,528,0,774,4
0,0,383,535,0,781,4
0,0,296,556,0,758,4
0,0,292,566,0,775,4
0,0,330,556,0,761,4
0,0,322,546,0,820,4
0,0,304,554,0,804,4
0,0,322,559,0,790,4
0,0,334,518,0,860,4
0,0,328,521,0,834,4
0,0,387,564,0,816,4
0,116,449,552,0,826,4
0,85,477,519,0,806,4
0,83,468,529,0,802,4
16,599,514,565,0,839,4
0,536,534,561,0,844,4
4,601,502,569,0,777,4
0,565,480,574,0,768,4
0,603,510,585,0,777,4
0,466,519,591,0,786,4
0,483,519,592,0,788,4
0,524,488,591,0,787,4
0,389,537,656,0,739,4
0,391,513,606,0,805,4
0,400,519,621,0,805,4
0,376,500,628,0,801,4
0,466,530,640,0,800,4
0,461,525,640,0,799,4
0,525,527,602,0,774,4
0,625,270,0,0,684,4
0,481,721,305,0,734,4
0,518,722,305,0,751,4
0,554,704,238,0,769,4
0,568,702,238,0,748,4
0,584,697,247,0,769,4
0,523,671,114,0,746,4
0,276,264,439,0,863,4
0,403,538,583,0,822,4
0,205,551,596,0,839,4
233,0,0,639,0,210,4
266,0,0,631,0,160,4
257,0,0,632,0,171,4
295,0,0,631,0,119,4
386,0,0,632,0,134,4
392,0,0,641,0,39,4
314,0,0,646,0,182,4
342,0,0,653,0,147,4
310,0,0,648,0,214,4
157,0,0,649,0,135,4
204,0,0,651,0,139,4
188,0,0,648,0,113,4
0,0,0,729,0,223,4
213,0,124,802,0,175,4
215,0,132,802,0,112,4
227,0,140,806,0,158,4
175,0,131,811,0,112,4
167,0,131,815,0,73,4
163,0,129,816,0,81,4
199,0,89,818,0,114,4
212,0,113,817,0,97,4
196,0,117,817,0,33,4
211,0,117,820,0,32,4
189,0,119,819,0,39,4
143,0,122,820,0,65,4
171,0,122,821,0,54,4
166,0,130,822,0,48,4
150,0,123,822,0,37,4
125,0,131,822,0,19,4
58,0,126,822,0,55,4
55,0,131,822,0,44,4
57,0,128,823,0,37,4
53,0,130,823,0,3,4
67,0,108,822,0,0,4
68,0,106,822,0,0,4
63,0,106,822,0,0,4
61,0,116,823,0,0,4
39,0,116,822,0,4,4
35,0,119,822,0,0,4
43,0,118,821,0,0,4
42,0,116,824,0,0,4
30,0,112,823,0,0,4
29,0,114,823,0,0,4
72,0,112,823,0,0,4
61,0,124,824,0,0,4
95,0,124,824,0,0,4
91,0,126,824,0,0,4
96,0,110,824,0,0,4
0,0,0,740,0,177,4
0,0,19,743,0,116,4
8,0,195,733,0,0,4
78,0,179,746,0,10,4
48,0,184,740,0,0,4
198,0,198,739,0,13,4
198,0,194,746,0,32,4
210,0,203,748,2,35,4
105,0,207,751,0,28,4
197,0,193,750,0,56,4
186,0,189,750,4,46,4
159,0,193,751,0,0,4
5,0,272,688,3,0,4
5,0,310,697,5,0,4
2,0,273,709,4,0,4
10,0,284,702,5,0,4
3,0,278,711,6,0,4
4,0,252,710,6,0,4
4,0,268,712,5,0,4
4,0,250,714,5,0,4
3,0,226,714,6,41,4
4,0,233,716,5,43,4
4,0,238,716,4,23,4
313,0,110,759,0,63,4
254,0,0,757,0,0,4
299,0,0,759,0,0,4
306,0,0,762,0,0,4
295,0,0,763,0,0,4
296,0,0,765,0,0,4
248,0,0,766,0,0,4
294,0,0,766,0,0,4
297,0,0,768,0,0,4
323,0,0,768,0,0,4
321,0,0,768,0,0,4
249,0,0,772,0,0,4
388,0,0,774,0,0,4
354,0,0,773,0,0,4
362,0,0,771,0,0,4
273,0,0,777,0,0,4
305,0,0,778,0,0,4
269,0,0,779,0,0,4
307,0,0,779,0,0,4
327,0,0,779,0,0,4
293,0,0,779,0,0,4
275,0,0,779,0,0,4
288,0,94,786,0,0,4
260,2,0,786,0,0,4
275,0,0,787,0,0,4
231,1,0,790,0,0,4
206,0,0,788,0,0,4
334,0,0,789,0,0,4
74,0,0,789,0,0,4
330,0,0,796,386,0,4
214,0,0,794,312,0,4
235,0,5,797,344,0,4
587,0,5,784,188,0,4
552,0,0,787,225,0,4
577,109,3,787,0,0,4
887,0,10,789,21,0,4
828,0,0,791,19,0,4
847,0,0,793,93,0,4
724,0,2,807,359,0,4
645,128,0,803,99,0,4
553,260,0,802,56,0,4
471,385,0,802,0,0,4
326,448,0,801,6,0,4
492,428,0,802,76,0,4
523,406,0,803,14,0,4
456,400,0,803,0,0,4
417,451,0,803,9,0,4
535,466,0,803,77,0,4
366,466,0,802,79,0,4
391,446,0,803,0,0,4
348,469,0,803,82,0,4
373,454,0,804,0,0,4
200,465,0,802,0,0,4
369,428,0,807,65,0,4
483,486,0,807,140,0,4
460,470,0,805,116,0,4
461,462,0,807,0,0,4
478,458,0,807,29,0,4
479,459,0,807,109,0,4
474,453,0,807,126,0,4
390,451,0,807,0,0,4
270,428,0,805,0,0,4
394,448,0,805,0,0,4
404,397,0,805,0,0,4
451,493,0,805,0,0,4
467,476,0,805,17,0,4
482,445,0,805,9,0,4
521,465,0,806,116,0,4
354,480,0,810,114,0,4
316,467,0,809,0,0,4
431,481,0,806,0,0,4
431,473,0,807,0,0,4
427,502,0,807,0,0,4
437,519,0,807,0,0,4
434,507,0,807,20,0,4
402,491,0,807,93,0,4
303,476,0,808,88,0,4
551,0,0,809,127,0,4
382,0,112,852,96,736,4
298,0,117,858,100,725,4
277,5,113,859,101,722,4
288,0,98,859,101,720,4
239,0,104,861,100,721,4
229,101,100,860,73,728,4
271,55,104,861,114,717,4
257,72,110,862,120,728,4
294,83,115,862,113,733,4
0,0,141,715,0,669,4
0,0,0,594,0,525,4
453,0,404,431,0,857,4
537,0,250,505,0,601,4
459,172,165,538,0,628,4
560,448,150,532,3,667,4
581,232,151,541,0,671,4
226,464,166,566,0,644,4
516,422,174,580,0,695,4
443,670,151,563,0,658,4
281,746,150,569,0,689,4
161,685,178,549,0,712,4
205,699,207,568,0,710,4
213,671,211,549,0,717,4
33,553,175,619,0,859,4
498,350,302,505,0,0,4
412,577,273,492,0,337,4
150,498,310,532,0,404,4
167,454,322,522,0,475,4
351,489,337,549,0,479,4
449,578,340,540,0,484,4
436,579,346,527,0,506,4
532,72,303,523,0,527,4
587,577,279,578,0,82,4
576,395,292,646,0,178,4
607,396,230,630,0,292,4
638,473,259,623,9,315,4
608,87,242,618,0,265,4
407,345,312,588,0,326,4
604,364,253,599,0,369,4
204,407,242,655,9,772,4
434,499,252,652,0,783,4
446,611,261,636,0,776,4
326,647,297,629,0,791,4
438,635,219,607,133,788,4
641,600,155,612,221,791,4
678,669,161,618,0,793,4
360,659,376,576,0,791,4
0,755,324,592,0,785,4
418,583,193,606,81,704,4
601,507,227,600,163,756,4
567,649,215,603,96,761,4
45,665,294,626,0,817,4
435,608,188,658,115,790,4
513,658,217,663,99,820,4
382,11,211,659,0,852,4
238,661,237,658,0,839,4
406,628,278,674,44,832,4
444,642,257,674,41,842,4
443,647,263,678,40,843,4
441,640,276,681,0,846,4
394,660,329,682,0,845,4
512,654,314,674,0,843,4
525,669,279,677,0,842,4
332,11,334,669,0,860,4
430,526,347,688,0,857,4
566,614,189,688,0,858,4
600,469,329,689,0,860,4
544,414,287,690,0,862,4
554,541,370,691,0,866,4
309,143,351,653,0,869,4
540,238,298,684,0,869,4
424,102,330,669,0,860,4
413,400,341,683,0,874,4
414,131,383,679,0,874,4
479,317,346,681,0,877,4
514,119,282,664,0,880,4
309,466,134,639,43,829,4
578,411,186,625,0,865,4
64,320,256,639,0,869,4
421,491,241,658,0,868,4
431,488,216,658,0,865,4
521,427,217,661,0,869,4
337,514,236,662,0,874,4
515,343,229,664,0,874,4
455,204,125,597,202,871,4
0,0,306,697,0,714,4
231,789,287,499,0,425,4
353,521,341,543,0,634,4
576,804,336,561,0,629,4
633,749,348,568,0,686,4
95,634,388,574,0,582,4
46,0,407,585,0,563,4
97,0,427,586,0,618,4
150,0,417,581,0,667,4
159,174,479,583,0,651,4
0,0,184,581,0,669,4
187,302,505,552,0,661,4
524,345,474,575,95,642,4
588,119,524,570,0,640,4
640,170,445,577,0,656,4
35,329,579,580,0,746,4
233,0,294,551,0,676,4
180,100,330,545,0,701,4
79,0,335,565,0,714,4
0,0,0,565,0,87,4
457,0,247,596,0,515,4
612,79,240,614,0,515,4
551,0,209,630,0,542,4
532,158,209,638,0,587,4
578,138,228,644,0,630,4
869,0,217,613,0,377,4
265,242,246,680,0,750,4
0,0,250,0,0,765,4
687,0,38,628,0,711,4
375,1,134,603,0,734,4
630,0,0,632,0,804,4
616,0,107,600,0,810,4
647,0,11,616,0,820,4
714,0,0,641,0,812,4
600,0,0,681,0,821,4
673,0,0,670,0,827,4
675,0,117,679,0,829,4
695,0,127,686,0,835,4
751,40,0,685,0,836,4
754,0,9,690,0,836,4
653,0,16,674,0,836,4
319,0,73,609,0,844,4
464,0,177,616,0,839,4
701,0,0,685,0,826,4
696,0,39,692,0,827,4
661,0,94,683,0,823,4
755,105,0,692,0,820,4
668,0,132,379,0,0,4
641,0,117,554,0,0,4
704,0,113,559,0,195,4
748,0,0,572,0,160,4
781,0,116,566,0,171,4
744,0,116,576,0,342,4
751,0,116,585,0,392,4
748,0,116,585,0,370,4
446,0,109,580,0,305,4
698,0,108,593,0,364,4
723,1,106,592,0,383,4
725,0,108,587,0,439,4
443,0,179,583,0,369,4
779,0,172,601,0,229,4
775,228,0,618,47,349,4
781,368,0,636,49,326,4
812,6,87,637,0,391,4
806,0,118,633,0,426,4
539,0,0,668,0,583,4
0,0,0,578,0,630,4
182,0,0,613,0,584,4
570,0,0,679,0,628,4
0,0,151,614,0,726,4
670,0,0,586,0,412,4
670,0,90,581,0,750,4
546,0,0,550,0,853,4
598,0,0,702,0,820,4
672,0,0,653,0,826,4
696,0,0,668,0,838,4
697,0,0,674,0,853,4
744,0,0,691,0,861,4
2,0,127,674,0,862,4
431,0,438,767,0,882,4
476,0,312,745,0,847,4
451,23,310,740,0,852,4
419,0,325,739,0,864,4
269,0,247,789,0,891,4
246,1,379,926,0,890,4
31,0,349,922,0,889,4
176,0,357,932,0,845,4
230,0,350,878,0,840,4
259,0,379,912,0,837,4
279,0,386,914,0,836,4
297,0,374,915,0,841,4
309,0,378,916,0,846,4
295,0,378,916,0,848,4
315,0,388,917,0,847,4
290,83,367,922,0,825,4
312,32,369,923,0,837,4
328,247,356,927,0,833,4
280,401,347,924,0,821,4
287,0,381,918,0,848,4
403,252,384,913,0,838,4
403,0,374,916,0,852,4
397,37,385,920,0,858,4
385,52,384,898,0,835,4
368,1,383,904,0,842,4
385,0,377,905,0,839,4
386,0,376,905,0,844,4
372,0,374,906,0,846,4
381,0,363,906,0,847,4
385,0,365,906,0,850,4
392,0,363,906,0,850,4
395,0,368,906,0,848,4
399,27,367,906,0,848,4
379,100,366,906,0,846,4
392,0,372,909,0,858,4
379,0,364,910,0,852,4
72,192,382,909,0,847,4
135,387,375,806,28,840,4
235,378,375,852,0,829,4
188,433,373,878,215,840,4
0,108,366,882,0,848,4
120,0,411,796,0,864,4
187,7,414,736,0,856,4
276,171,412,744,125,861,4
242,365,384,747,90,840,4
149,468,371,745,42,835,4
286,391,424,797,1,860,4
351,382,363,781,108,852,4
369,425,372,766,119,842,4
326,405,305,891,124,814,4
346,460,368,849,0,841,4
344,386,360,850,0,839,4
347,384,366,851,0,839,4
314,409,361,857,0,838,4
382,410,357,868,44,834,4
374,275,378,829,0,850,4
372,307,365,823,0,846,4
385,310,374,834,0,847,4
387,350,373,843,0,849,4
383,370,375,845,0,855,4
390,366,374,847,0,853,4
387,370,373,846,0,852,4
385,357,368,847,0,854,4
412,384,374,848,0,851,4
400,386,376,849,39,851,4
422,391,379,835,0,852,4
416,387,374,847,0,857,4
410,373,372,847,0,859,4
414,385,375,848,0,859,4
414,391,375,848,0,859,4
425,392,378,847,0,859,4
426,398,376,849,0,859,4
425,382,375,848,0,860,4
429,370,377,851,0,859,4
32,418,339,878,144,843,4
0,0,0,0,0,729,4
195,826,334,762,0,674,4
0,507,464,884,0,45,4
0,433,225,836,0,528,4
225,350,289,806,0,636,4
216,415,302,808,0,597,4
224,334,300,811,0,639,4
194,296,312,800,0,628,4
201,302,279,815,0,637,4
192,341,302,819,0,632,4
168,373,302,825,0,637,4
0,1023,0,838,0,622,4
0,342,26,860,0,465,4
141,218,211,742,0,614,4
228,351,261,755,0,638,4
141,371,211,760,0,631,4
196,338,203,777,0,681,4
436,423,218,772,0,599,4
511,388,224,779,0,558,4
392,792,0,577,0,496,4
121,512,306,783,0,515,4
36,548,336,839,0,472,4
73,665,341,847,0,581,4
5,575,378,847,0,556,4
9,602,380,849,0,541,4
10,597,392,850,0,533,4
11,595,390,854,0,505,4
37,595,385,852,0,530,4
1,617,388,854,0,514,4
7,633,386,855,0,481,4
43,637,363,854,0,523,4
0,654,168,0,0,808,4
10,717,293,64,0,594,4
0,731,295,220,0,659,4
0,734,293,263,0,680,4
0,736,294,277,0,705,4
2,749,302,300,0,694,4
10,728,305,216,0,715,4
0,731,300,258,0,703,4
0,0,21,0,0,89,4
0,0,22,0,0,87,4
0,0,21,0,0,26,4
0,0,21,0,0,67,4
630,0,288,531,0,700,4
7,0,77,561,0,590,4
0,39,564,561,0,733,4
0,523,583,491,0,740,4
0,403,628,459,0,756,4
171,625,639,489,0,746,4
140,544,661,381,0,805,4
128,558,681,487,0,814,4
0,519,663,408,0,818,4
106,365,693,434,0,835,4
138,435,669,470,0,821,4
0,556,711,485,0,814,4
0,573,700,513,0,812,4
0,570,696,566,0,811,4
0,555,694,563,0,813,4
0,562,694,496,0,817,4
119,504,682,553,0,818,4
355,0,659,501,0,837,4
227,468,696,532,0,835,4
21,565,680,350,0,801,4
0,0,716,417,0,832,4
0,0,726,518,0,833,4
0,0,745,516,0,823,4
0,1,749,499,0,837,4
0,156,757,464,0,835,4
0,911,636,483,0,786,4
0,505,656,416,0,839,4
32,0,613,399,0,856,4
140,456,638,400,0,856,4
220,462,611,429,0,850,4
54,687,693,526,0,849,4
0,697,660,629,0,833,4
0,793,669,594,0,804,4
0,727,616,614,0,803,4
0,818,661,659,0,827,4
0,824,658,623,0,828,4
0,818,658,598,0,836,4
0,824,656,621,0,837,4
0,826,650,615,0,838,4
0,834,652,627,0,835,4
0,846,659,622,0,836,4
0,831,673,597,0,838,4
